{"fx": 609.7843627929688, "fy": 608.5401000976562, "ppx": 323.41339111328125, "ppy": 248.185302734375, "height": 480, "width": 640, "depth_scale": 0.0010000000474974513}